source,target,size,kind
"_hcms/googlefonts/Caveat/700.woff","public/assets/fonts/Caveat/700.woff","130112","fonts"
"_hcms/googlefonts/Caveat/700.woff2","public/assets/fonts/Caveat/700.woff2","105716","fonts"
"_hcms/googlefonts/Caveat/regular.woff","public/assets/fonts/Caveat/regular.woff","125528","fonts"
"_hcms/googlefonts/Caveat/regular.woff2","public/assets/fonts/Caveat/regular.woff2","100924","fonts"
"_hcms/googlefonts/Inter/700.woff","public/assets/fonts/Inter/700.woff","144024","fonts"
"_hcms/googlefonts/Inter/700.woff2","public/assets/fonts/Inter/700.woff2","112368","fonts"
"_hcms/googlefonts/Inter/regular.woff","public/assets/fonts/Inter/regular.woff","139512","fonts"
"_hcms/googlefonts/Inter/regular.woff2","public/assets/fonts/Inter/regular.woff2","108176","fonts"
"_hcms/googlefonts/Lato/700.woff","public/assets/fonts/Lato/700.woff","19076","fonts"
"_hcms/googlefonts/Lato/700.woff2","public/assets/fonts/Lato/700.woff2","15280","fonts"
"_hcms/googlefonts/Lato/regular.woff","public/assets/fonts/Lato/regular.woff","18840","fonts"
"_hcms/googlefonts/Lato/regular.woff2","public/assets/fonts/Lato/regular.woff2","15088","fonts"
"_hcms/googlefonts/Playfair_Display/700.woff","public/assets/fonts/Playfair_Display/700.woff","55624","fonts"
"_hcms/googlefonts/Playfair_Display/700.woff2","public/assets/fonts/Playfair_Display/700.woff2","45448","fonts"
"_hcms/googlefonts/Playfair_Display/regular.woff","public/assets/fonts/Playfair_Display/regular.woff","52292","fonts"
"_hcms/googlefonts/Playfair_Display/regular.woff2","public/assets/fonts/Playfair_Display/regular.woff2","42388","fonts"
"_hcms/googlefonts/Rubik/700.woff","public/assets/fonts/Rubik/700.woff","73064","fonts"
"_hcms/googlefonts/Rubik/700.woff2","public/assets/fonts/Rubik/700.woff2","56900","fonts"
"_hcms/googlefonts/Rubik/regular.woff","public/assets/fonts/Rubik/regular.woff","72240","fonts"
"_hcms/googlefonts/Rubik/regular.woff2","public/assets/fonts/Rubik/regular.woff2","56420","fonts"
"hs-fs/hubfs/aba-academic-readiness.webp?width=1050&height=700&name=aba-academic-readiness.webp","public/assets/images/aba-academic-readiness.webp","22603","images"
"hs-fs/hubfs/aba-daughter-toddler-belonging.webp?width=1050&height=770&name=aba-daughter-toddler-belonging.webp","public/assets/images/aba-daughter-toddler-belonging.webp","30615","images"
"hs-fs/hubfs/aba-speech-therapy.webp?width=1050&height=770&name=aba-speech-therapy.webp","public/assets/images/aba-speech-therapy.webp","17350","images"
"hs-fs/hubfs/abc-data-template.png?width=1200&height=787&name=abc-data-template.png","public/assets/images/abc-data-template.png","72922","images"
"hs-fs/hubfs/autism-evaluation-expectations_hero.png?width=1056&name=autism-evaluation-expectations_hero.png","public/assets/images/autism-evaluation-expectations_hero.png","582448","images"
"hs-fs/hubfs/autism_evaluation_arizona_hero.jpg?width=1056&name=autism_evaluation_arizona_hero.jpg","public/assets/images/autism_evaluation_arizona_hero.jpg","45962","images"
"hs-fs/hubfs/autistic-play-appearance-infographic.png?width=1200&height=1500&name=autistic-play-appearance-infographic.png","public/assets/images/autistic-play-appearance-infographic.png","565991","images"
"hs-fs/hubfs/child-shopping-cart-tired-cranky.jpg?width=1056&name=child-shopping-cart-tired-cranky.jpg","public/assets/images/child-shopping-cart-tired-cranky.jpg","76344","images"
"hs-fs/hubfs/communication-skills-autistic-children-hero_img.png?width=1056&name=communication-skills-autistic-children-hero_img.png","public/assets/images/communication-skills-autistic-children-hero_img.png","666765","images"
"hs-fs/hubfs/early_signs_autism_by_age_hero.png?width=1056&name=early_signs_autism_by_age_hero.png","public/assets/images/early_signs_autism_by_age_hero.png","430741","images"
"hs-fs/hubfs/family-guide-to-autism-aba-at-home_hero.png?width=1056&name=family-guide-to-autism-aba-at-home_hero.png","public/assets/images/family-guide-to-autism-aba-at-home_hero.png","543405","images"
"hs-fs/hubfs/giving-thanks-1.jpg?width=400&upsize=true&name=giving-thanks-1.jpg","public/assets/images/giving-thanks-1.jpg","30166","images"
"hs-fs/hubfs/hero-aba-individual-care-plans.webp?width=1056&name=hero-aba-individual-care-plans.webp","public/assets/images/hero-aba-individual-care-plans.webp","50011","images"
"hs-fs/hubfs/hero-aba-preschool-az_800x.jpg?width=1056&name=hero-aba-preschool-az_800x.jpg","public/assets/images/hero-aba-preschool-az_800x.jpg","132896","images"
"hs-fs/hubfs/hero-aba-therapy-benefits_800x.jpg?width=1056&name=hero-aba-therapy-benefits_800x.jpg","public/assets/images/hero-aba-therapy-benefits_800x.jpg","60969","images"
"hs-fs/hubfs/hero-aba-toilet-training-child-autism.webp?width=1056&name=hero-aba-toilet-training-child-autism.webp","public/assets/images/hero-aba-toilet-training-child-autism.webp","36191","images"
"hs-fs/hubfs/hero-aia-world-autism-community-day-celebration_800x.jpg?width=400&upsize=true&name=hero-aia-world-autism-community-day-celebration_800x.jpg","public/assets/images/hero-aia-world-autism-community-day-celebration_800x.jpg","22951","images"
"hs-fs/hubfs/hero-asd-sensory-friendly-recipe-pancakes_800x.jpg?width=1056&name=hero-asd-sensory-friendly-recipe-pancakes_800x.jpg","public/assets/images/hero-asd-sensory-friendly-recipe-pancakes_800x.jpg","43634","images"
"hs-fs/hubfs/hero-asd-sensory-friendly-recipe-thanksgiving-pumpkin-cake_800x.jpg?width=400&upsize=true&name=hero-asd-sensory-friendly-recipe-thanksgiving-pumpkin-cake_800x.jpg","public/assets/images/hero-asd-sensory-friendly-recipe-thanksgiving-pumpkin-cake_800x.jpg","18461","images"
"hs-fs/hubfs/hero-autumn-break-autism-routines-1.jpg?width=400&upsize=true&name=hero-autumn-break-autism-routines-1.jpg","public/assets/images/hero-autumn-break-autism-routines-1.jpg","17794","images"
"hs-fs/hubfs/hero-back-to-school.webp?width=1056&name=hero-back-to-school.webp","public/assets/images/hero-back-to-school.webp","80581","images"
"hs-fs/hubfs/hero-behavior-functions-management.webp?width=1056&name=hero-behavior-functions-management.webp","public/assets/images/hero-behavior-functions-management.webp","33484","images"
"hs-fs/hubfs/hero-behavior-modification-techniques-reinforcement-theory_800x.jpg?width=1056&name=hero-behavior-modification-techniques-reinforcement-theory_800x.jpg","public/assets/images/hero-behavior-modification-techniques-reinforcement-theory_800x.jpg","42939","images"
"hs-fs/hubfs/hero-community-highlight-meet-rula-diab_800x.jpg?width=1056&name=hero-community-highlight-meet-rula-diab_800x.jpg","public/assets/images/hero-community-highlight-meet-rula-diab_800x.jpg","49575","images"
"hs-fs/hubfs/hero-critical-thinking-skills_800x.jpg?width=1056&name=hero-critical-thinking-skills_800x.jpg","public/assets/images/hero-critical-thinking-skills_800x.jpg","75323","images"
"hs-fs/hubfs/hero-enhancing-generalization-skills_800x.jpg?width=1056&name=hero-enhancing-generalization-skills_800x.jpg","public/assets/images/hero-enhancing-generalization-skills_800x.jpg","62515","images"
"hs-fs/hubfs/hero-executive-functioning-skills-autism.webp?width=1056&name=hero-executive-functioning-skills-autism.webp","public/assets/images/hero-executive-functioning-skills-autism.webp","31620","images"
"hs-fs/hubfs/hero-first-then-cards.webp?width=400&upsize=true&name=hero-first-then-cards.webp","public/assets/images/hero-first-then-cards.webp","19351","images"
"hs-fs/hubfs/hero-home.jpg?width=150&name=hero-home.jpg","public/assets/images/hero-home.jpg","129382","images"
"hs-fs/hubfs/hero-integrated-aba-model-announcement_800x.jpg?width=1056&name=hero-integrated-aba-model-announcement_800x.jpg","public/assets/images/hero-integrated-aba-model-announcement_800x.jpg","85964","images"
"hs-fs/hubfs/hero-integrity-empowerment-excellence_800x.jpg?width=1056&name=hero-integrity-empowerment-excellence_800x.jpg","public/assets/images/hero-integrity-empowerment-excellence_800x.jpg","56586","images"
"hs-fs/hubfs/hero-learn-dtt-net-methods.webp?width=1056&name=hero-learn-dtt-net-methods.webp","public/assets/images/hero-learn-dtt-net-methods.webp","37710","images"
"hs-fs/hubfs/hero-managing-aggressive-behavior-outbursts_800x.jpg?width=1056&name=hero-managing-aggressive-behavior-outbursts_800x.jpg","public/assets/images/hero-managing-aggressive-behavior-outbursts_800x.jpg","70077","images"
"hs-fs/hubfs/hero-meet-rula-diab-shoutout-az_800x.jpg?width=1056&name=hero-meet-rula-diab-shoutout-az_800x.jpg","public/assets/images/hero-meet-rula-diab-shoutout-az_800x.jpg","23372","images"
"hs-fs/hubfs/hero-new-year-goals-2023_800x.jpg?width=1056&name=hero-new-year-goals-2023_800x.jpg","public/assets/images/hero-new-year-goals-2023_800x.jpg","81548","images"
"hs-fs/hubfs/hero-new-year-goals-2024.webp?width=1056&name=hero-new-year-goals-2024.webp","public/assets/images/hero-new-year-goals-2024.webp","40882","images"
"hs-fs/hubfs/hero-november-2022-aia-update_800x.jpg?width=1056&name=hero-november-2022-aia-update_800x.jpg","public/assets/images/hero-november-2022-aia-update_800x.jpg","35766","images"
"hs-fs/hubfs/hero-play-leisure-skills-children-autism_800x.jpg?width=1056&name=hero-play-leisure-skills-children-autism_800x.jpg","public/assets/images/hero-play-leisure-skills-children-autism_800x.jpg","80688","images"
"hs-fs/hubfs/hero-positive-reinforcement-techniques.webp?width=1056&name=hero-positive-reinforcement-techniques.webp","public/assets/images/hero-positive-reinforcement-techniques.webp","49849","images"
"hs-fs/hubfs/hero-proactive-reactive-strategies.webp?width=1056&name=hero-proactive-reactive-strategies.webp","public/assets/images/hero-proactive-reactive-strategies.webp","237548","images"
"hs-fs/hubfs/hero-prompting-parenting-benefits.webp?width=1056&name=hero-prompting-parenting-benefits.webp","public/assets/images/hero-prompting-parenting-benefits.webp","32510","images"
"hs-fs/hubfs/hero-rapport-strategies.webp?width=1056&name=hero-rapport-strategies.webp","public/assets/images/hero-rapport-strategies.webp","258170","images"
"hs-fs/hubfs/hero-reduce-behavior-management_800x.jpg?width=1056&name=hero-reduce-behavior-management_800x.jpg","public/assets/images/hero-reduce-behavior-management_800x.jpg","32879","images"
"hs-fs/hubfs/hero-repetetive-behaviors.webp?width=1056&name=hero-repetetive-behaviors.webp","public/assets/images/hero-repetetive-behaviors.webp","48852","images"
"hs-fs/hubfs/hero-self-care-priority.webp?width=1056&name=hero-self-care-priority.webp","public/assets/images/hero-self-care-priority.webp","61390","images"
"hs-fs/hubfs/hero-sensory-processing.webp?width=1056&name=hero-sensory-processing.webp","public/assets/images/hero-sensory-processing.webp","37863","images"
"hs-fs/hubfs/hero-summer-aba.webp?width=1056&name=hero-summer-aba.webp","public/assets/images/hero-summer-aba.webp","55375","images"
"hs-fs/hubfs/hero-teach-self-advocacy.webp?width=1056&name=hero-teach-self-advocacy.webp","public/assets/images/hero-teach-self-advocacy.webp","99640","images"
"hs-fs/hubfs/hero-understanding-autism-support_800x.jpg?width=1056&name=hero-understanding-autism-support_800x.jpg","public/assets/images/hero-understanding-autism-support_800x.jpg","33456","images"
"hs-fs/hubfs/how-to-support-playtime-sm.png?width=1200&height=1798&name=how-to-support-playtime-sm.png","public/assets/images/how-to-support-playtime-sm.png","702744","images"
"hs-fs/hubfs/indoor-activity-painting.webp?width=1350&height=900&name=indoor-activity-painting.webp","public/assets/images/indoor-activity-painting.webp","61101","images"
"hs-fs/hubfs/parallel-players-hero.png?width=1056&name=parallel-players-hero.png","public/assets/images/parallel-players-hero.png","588174","images"
"hs-fs/hubfs/pecs-first-brush-teeth-then-screen-time.webp?width=1350&height=693&name=pecs-first-brush-teeth-then-screen-time.webp","public/assets/images/pecs-first-brush-teeth-then-screen-time.webp","54952","images"
"hs-fs/hubfs/quiet-nature-walk-800x.jpg?width=1200&height=675&name=quiet-nature-walk-800x.jpg","public/assets/images/quiet-nature-walk-800x.jpg","130346","images"
"hs-fs/hubfs/rula-diab-1.webp?width=150&height=228&name=rula-diab-1.webp","public/assets/images/rula-diab-1.webp","6542","images"
"hs-fs/hubfs/rula-diab-avatar.jpg?width=100&height=100&name=rula-diab-avatar.jpg","public/assets/images/rula-diab-avatar.jpg","3248","images"
"hs-fs/hubfs/sensory-regulation-corner.png?width=1080&height=720&name=sensory-regulation-corner.png","public/assets/images/sensory-regulation-corner.png","526640","images"
"hs-fs/hubfs/sibling-parallel-play-instruction.png?width=1200&height=699&name=sibling-parallel-play-instruction.png","public/assets/images/sibling-parallel-play-instruction.png","579516","images"
"hs-fs/hubfs/stem-sped-social-learners.webp?width=102&height=102&name=stem-sped-social-learners.webp","public/assets/images/stem-sped-social-learners.webp","4472","images"
"hs-fs/hubfs/stem-sped-tech-kids_446x.jpg?width=1115&height=743&name=stem-sped-tech-kids_446x.jpg","public/assets/images/stem-sped-tech-kids_446x.jpg","31369","images"
"hs-fs/hubfs/talk-not-social.jpg?width=1056&name=talk-not-social.jpg","public/assets/images/talk-not-social.jpg","142193","images"
"hs-fs/hubfs/toddler-daughter-reach-out.png?width=1200&height=1133&name=toddler-daughter-reach-out.png","public/assets/images/toddler-daughter-reach-out.png","649556","images"
"hs-fs/hubfs/trick-or-treat-porch-800x.jpg?width=1200&height=800&name=trick-or-treat-porch-800x.jpg","public/assets/images/trick-or-treat-porch-800x.jpg","126345","images"
"hs-fs/hubfs/visual-schedule-and-timer-2.png?width=1080&height=720&name=visual-schedule-and-timer-2.png","public/assets/images/visual-schedule-and-timer-2.png","447902","images"
"hs-fs/hubfs/visual-supports-aac-communication.png?width=1056&name=visual-supports-aac-communication.png","public/assets/images/visual-supports-aac-communication.png","608791","images"
"hubfs/01-aia-front-entrance.webp","public/assets/images/01-aia-front-entrance.webp","111916","images"
"hubfs/02-aia-receptionist-area.webp","public/assets/images/02-aia-receptionist-area.webp","28752","images"
"hubfs/03-aia-entrance-hallway.webp","public/assets/images/03-aia-entrance-hallway.webp","20018","images"
"hubfs/04-common-room.webp","public/assets/images/04-common-room.webp","31824","images"
"hubfs/05-sensory-recreational-room.webp","public/assets/images/05-sensory-recreational-room.webp","37724","images"
"hubfs/06-aba-academic-readiness-room-entrance.webp","public/assets/images/06-aba-academic-readiness-room-entrance.webp","13078","images"
"hubfs/07-aba-academic-readiness-room.webp","public/assets/images/07-aba-academic-readiness-room.webp","25818","images"
"hubfs/08-aba-academic-readiness-room-reading-corner.webp","public/assets/images/08-aba-academic-readiness-room-reading-corner.webp","25492","images"
"hubfs/09-aia-art-gallery.webp","public/assets/images/09-aia-art-gallery.webp","22276","images"
"hubfs/aba-learn-play-skills.webp","public/assets/images/aba-learn-play-skills.webp","22332","images"
"hubfs/abc-data-template-download.png?hsLang=en-us","public/assets/images/abc-data-template-download.png","85967","images"
"hubfs/aetna.png","public/assets/images/aetna.png","5300","images"
"hubfs/aia-logo.svg","public/assets/images/aia-logo.svg","33691","images"
"hubfs/asu.webp","public/assets/images/asu.webp","9692","images"
"hubfs/bcba-with-happy-toddler.webp","public/assets/images/bcba-with-happy-toddler.webp","28144","images"
"hubfs/bluecrossblueshield-logo-1.webp","public/assets/images/bluecrossblueshield-logo-1.webp","3954","images"
"hubfs/brand-gear-8-tooth.svg","public/assets/images/brand-gear-8-tooth.svg","1035","images"
"hubfs/career-growth_blue.svg","public/assets/images/career-growth_blue.svg","765","images"
"hubfs/caseload-teamwork_blue.svg","public/assets/images/caseload-teamwork_blue.svg","1865","images"
"hubfs/casp-member-logo.webp","public/assets/images/casp-member-logo.webp","9932","images"
"hubfs/clinical-careers.webp","public/assets/images/clinical-careers.webp","6304","images"
"hubfs/clinical-director-rula-diab.png","public/assets/images/clinical-director-rula-diab.png","4361","images"
"hubfs/community-4-autism-logo-blue-1.png","public/assets/images/community-4-autism-logo-blue-1.png","16170","images"
"hubfs/competitive-compensation_blue.svg","public/assets/images/competitive-compensation_blue.svg","1191","images"
"hubfs/corporate-center-team-support.webp","public/assets/images/corporate-center-team-support.webp","3952","images"
"hubfs/diversity-inclusion-opportunity_blue.svg","public/assets/images/diversity-inclusion-opportunity_blue.svg","970","images"
"hubfs/ext/menu.png","public/assets/images/menu.png","105","images"
"hubfs/ext/next.svg","public/assets/images/next.svg","223","images"
"hubfs/ext/previous.svg","public/assets/images/previous.svg","216","images"
"hubfs/first-then-cards-seatbelt-ipad.png","public/assets/images/first-then-cards-seatbelt-ipad.png","34009","images"
"hubfs/flexible-scheduling_blue.svg","public/assets/images/flexible-scheduling_blue.svg","2860","images"
"hubfs/giveback-donation-gift.webp","public/assets/images/giveback-donation-gift.webp","129234","images"
"hubfs/how-to-support-playtime.png","public/assets/images/how-to-support-playtime.png","1755720","images"
"hubfs/icon-Eye_Contact.png","public/assets/images/icon-Eye_Contact.png","2051","images"
"hubfs/icon-Listening.png","public/assets/images/icon-Listening.png","2442","images"
"hubfs/icon-Playing.png","public/assets/images/icon-Playing.png","2787","images"
"hubfs/icon-Repetitive_Movement.png","public/assets/images/icon-Repetitive_Movement.png","3111","images"
"hubfs/icon-Social_Engagement.png","public/assets/images/icon-Social_Engagement.png","2586","images"
"hubfs/icon-Speach.png","public/assets/images/icon-Speach.png","6026","images"
"hubfs/integrated-aba-model_400x300.webp","public/assets/images/integrated-aba-model_400x300.webp","23050","images"
"hubfs/internships-practicum.webp","public/assets/images/internships-practicum.webp","6586","images"
"hubfs/learner-journey-step-1a.svg","public/assets/images/learner-journey-step-1a.svg","942","images"
"hubfs/learner-journey-step-2.svg","public/assets/images/learner-journey-step-2.svg","971","images"
"hubfs/learner-journey-step-3.svg","public/assets/images/learner-journey-step-3.svg","1226","images"
"hubfs/learner-journey-step-4.svg","public/assets/images/learner-journey-step-4.svg","1055","images"
"hubfs/learner-journey-step-5.svg","public/assets/images/learner-journey-step-5.svg","1751","images"
"hubfs/learner-journey-step-6.svg","public/assets/images/learner-journey-step-6.svg","1808","images"
"hubfs/learner-journey.webp","public/assets/images/learner-journey.webp","12868","images"
"hubfs/logo-BACB.png","public/assets/images/logo-BACB.png","12032","images"
"hubfs/logo-ahcccs.webp","public/assets/images/logo-ahcccs.webp","9802","images"
"hubfs/logo-az-dept-of-education.webp","public/assets/images/logo-az-dept-of-education.webp","14628","images"
"hubfs/logo-gcu.webp","public/assets/images/logo-gcu.webp","5350","images"
"hubfs/logo-optum.webp","public/assets/images/logo-optum.webp","5578","images"
"hubfs/logo-tricare-1.webp","public/assets/images/logo-tricare-1.webp","6000","images"
"hubfs/mail.svg","public/assets/images/mail.svg","233","images"
"hubfs/map-pin.svg","public/assets/images/map-pin.svg","230","images"
"hubfs/monthly-training_blue.svg","public/assets/images/monthly-training_blue.svg","484","images"
"hubfs/non-clinical-careers.webp","public/assets/images/non-clinical-careers.webp","6216","images"
"hubfs/phone-1.svg","public/assets/images/phone-1.svg","950","images"
"hubfs/play-appearance-infographic.png","public/assets/images/play-appearance-infographic.png","1593208","images"
"hubfs/playing-boy.webp","public/assets/images/playing-boy.webp","7568","images"
"hubfs/playing-girl.webp","public/assets/images/playing-girl.webp","8962","images"
"hubfs/proud-aia-staff.webp","public/assets/images/proud-aia-staff.webp","22084","images"
"hubfs/psychological-assessment-ages-2-5.pdf?hsLang=en","public/assets/downloads/psychological-assessment-ages-2-5.pdf","2215211","downloads"
"hubfs/psychological-assessment-ages-6+.pdf","public/assets/downloads/psychological-assessment-ages-6+.pdf","16939721","downloads"
"hubfs/raw_assets/public/@marketplace/MakeWebBetter/Academia/images/icons/envelope-blue.svg","public/assets/images/envelope-blue.svg","738","images"
"hubfs/raw_assets/public/@marketplace/MakeWebBetter/Academia/images/icons/location-blue.svg","public/assets/images/location-blue.svg","1544","images"
"hubfs/raw_assets/public/@marketplace/MakeWebBetter/Academia/images/icons/phone-blue.svg","public/assets/images/phone-blue.svg","1175","images"
"hubfs/rbt-toddler-play.webp","public/assets/images/rbt-toddler-play.webp","37442","images"
"hubfs/rula-diab.webp","public/assets/images/rula-diab.webp","26118","images"
"hubfs/scottsdale-ribbon-cutting.webp","public/assets/images/scottsdale-ribbon-cutting.webp","42416","images"
"hubfs/straw-gear.svg","public/assets/images/straw-gear.svg","463","images"
"hubfs/team-ayah-shahbander.webp","public/assets/images/team-ayah-shahbander.webp","13558","images"
"hubfs/team-barbara-samanich.webp","public/assets/images/team-barbara-samanich.webp","14566","images"
"hubfs/team-carol-harrington.webp","public/assets/images/team-carol-harrington.webp","14318","images"
"hubfs/team-eney-garcia.webp","public/assets/images/team-eney-garcia.webp","24834","images"
"hubfs/team-jennifer-bonefont.webp","public/assets/images/team-jennifer-bonefont.webp","12446","images"
"hubfs/team-jennifer-espinoza.webp","public/assets/images/team-jennifer-espinoza.webp","15876","images"
"hubfs/team-mahima-bedi.webp","public/assets/images/team-mahima-bedi.webp","14132","images"
"hubfs/team-mariah-marley.webp","public/assets/images/team-mariah-marley.webp","22392","images"
"hubfs/team-rachael-sanchez.webp","public/assets/images/team-rachael-sanchez.webp","16710","images"
"hubfs/team-rachel-crosby.webp","public/assets/images/team-rachel-crosby.webp","8318","images"
"hubfs/team-rula-diab.webp","public/assets/images/team-rula-diab.webp","14838","images"
"hubfs/team-timirah-clay.webp","public/assets/images/team-timirah-clay.webp","16496","images"
"hubfs/toddler-bcba-support.webp","public/assets/images/toddler-bcba-support.webp","11182","images"
"hubfs/united-healthcare-logo-1.webp","public/assets/images/united-healthcare-logo-1.webp","4368","images"
"live:https://www.azinstitute4autism.com/hubfs/hero-aba-therapy-intake-process.webp","public/assets/images/hero-aba-therapy-intake-process.webp","14392","images"
"live:https://www.azinstitute4autism.com/hubfs/hero-services-behavioral-aba.webp","public/assets/images/hero-services-behavioral-aba.webp","15330","images"
"live:https://www.azinstitute4autism.com/hubfs/hero-about.webp","public/assets/images/hero-about.webp","24764","images"
"live:https://www.azinstitute4autism.com/hubfs/hero-services-psychological.webp","public/assets/images/hero-services-psychological.webp","15490","images"
"live:https://www.azinstitute4autism.com/hubfs/hero-careers.webp","public/assets/images/hero-careers.webp","24728","images"
"live:https://www.azinstitute4autism.com/hubfs/hero-bg-blank.png","public/assets/images/hero-bg-blank.png","41772","images"
"live:https://www.azinstitute4autism.com/hubfs/hero-client-forms.webp","public/assets/images/hero-client-forms.webp","13878","images"
"live:https://www.azinstitute4autism.com/hubfs/hero-contact-aia.webp","public/assets/images/hero-contact-aia.webp","20230","images"
"live:https://www.azinstitute4autism.com/hubfs/hero-ways-to-giveback.webp","public/assets/images/hero-ways-to-giveback.webp","11654","images"
"live:https://www.azinstitute4autism.com/hubfs/hero-aba-employee-portal.webp","public/assets/images/hero-aba-employee-portal.webp","19798","images"
"live:https://www.azinstitute4autism.com/hubfs/hero-faq.webp","public/assets/images/hero-faq.webp","14624","images"
"live:https://www.azinstitute4autism.com/hubfs/hero-insurance-coverage-guide.webp","public/assets/images/hero-insurance-coverage-guide.webp","21624","images"
"live:https://www.azinstitute4autism.com/hubfs/hero-services-sociological.webp","public/assets/images/hero-services-sociological.webp","16046","images"
"live:https://www.azinstitute4autism.com/hubfs/hero-referrals.webp","public/assets/images/hero-referrals.webp","16646","images"
"live:https://www.azinstitute4autism.com/hubfs/hero-pediatric-services.webp","public/assets/images/hero-pediatric-services.webp","18120","images"
"live:https://www.azinstitute4autism.com/hubfs/hero-meet-the-aia-team.webp","public/assets/images/hero-meet-the-aia-team.webp","15310","images"
"live:https://www.azinstitute4autism.com/hubfs/hero-schedule-aia-tour.webp","public/assets/images/hero-schedule-aia-tour.webp","13290","images"
"live:https://www.azinstitute4autism.com/hubfs/hero-library-index.webp","public/assets/images/hero-library-index.webp","14392","images"
