source_file,url,language,type,title,description,h1
"aba-therapy-intake-process.html","/aba-therapy-intake-process","en","page","Starting ABA Therapy Step-by-Step Guide | Arizona Institute for Autism","Discover how to begin ABA therapy at Arizona Institute for Autism. Our simple, supportive intake process guides your child toward growth and success.","Learner Intake Process"
"aba-therapy.html","/aba-therapy","en","page","Integrated ABA Therapy for Autism | Arizona Institute for Autism","Empower your child for life with one-on-one integrated ABA therapy. Book a free consultation and join our supportive autism community!","Behavioral"
"about.html","/about","en","page","About Us | Arizona Institute for Autism | Scottsdale","Arizona Institute for Autism (AIA) is a comprehensive wellness center offering behavioral health, education, and consultation for individuals with Autism.","About AIA"
"ar/library/aba-school-readiness-guide.html","/ar/library/aba-school-readiness-guide","ar","blog","العودة إلى المدرسة بسهولة | تدخلات ABA: تعزيز بالمقدمات والنتائج","خفّف توتر العودة إلى المدرسة وعزّز الاستعداد المدرسي باستراتيجيات بسيطة للمقدمات والنتائج، وتكتيكات ABA خطوة بخطوة يمكن لأي والد تطبيقها.","العودة إلى المدرسة بسهولة | تدخلات السلوك التحليلية (ABA) من خلال المقدمات والنتائج"
"ar/library/autism-self-advocacy-skills-aba.html","/ar/library/autism-self-advocacy-skills-aba","ar","blog","دليل تعليم مهارات الدفاع عن النفس في ABA","مكّن طفلك بعلاج ABA فردي في معهد أريزونا للتوحّد. احجز استشارة مجانية اليوم وابدأ رعاية مخصّصة للتوحّد!","دليل تعليم مهارات الدفاع عن النفس في ABA"
"ar/library/behavior-management-functions-guide.html","/ar/library/behavior-management-functions-guide","ar","blog","إتقان إدارة السلوك: اكتشف الوظائف الأربع للسلوك","اكتشف لماذا تحدث السلوكيات وكيفية تعليم بدائل إيجابية عبر دليلنا المبسّط. بادر الآن لروتينات أكثر سلاسة وتعلّم أسعد!","إتقان إدارة السلوك: اكتشف الوظائف الأربع للسلوك"
"ar/library/executive-functioning-skills-autism.html","/ar/library/executive-functioning-skills-autism","ar","blog","مهارات الوظائف التنفيذية والتوحّد","استراتيجيات وظائف تنفيذية قائمة على الأدلة للتوحّد: دعائم بصرية للتخطيط، وتنظيم الانفعالات، وضبط الاندفاع، وحلّ المشكلات.","مهارات الوظائف التنفيذية والتوحّد"
"ar/library/first-then-cards-autism-transitions.html","/ar/library/first-then-cards-autism-transitions","ar","blog","بطاقات أولاً/ثم: تمكين الانتقالات للأطفال المصابين بالتوحد","تعرّف على كيفية دعم بطاقات أولاً/ثم للانتقال السلس والسلوكيات الإيجابية لدى الأطفال المصابين بالتوحد. اكتشف نصائح عملية وموارد محلية في أريزونا.","بطاقات ""أولاً/ثم"": تسهيل الانتقال بين الأنشطة للأطفال المصابين بالتوحّد"
"ar/library/positive-reinforcement-techniques.html","/ar/library/positive-reinforcement-techniques","ar","blog","التعزيز الإيجابي في علاج تحليل السلوك التطبيقي (ABA) لتشجيع تطوير المهارات","تعلّم أساليب التعزيز الإيجابي الفعّالة لتشجيع السلوكيات المرغوبة لدى الأطفال. اكتشف نصائح وأدوات مرئية وأفضل الممارسات للآباء.","التعزيز الإيجابي في علاج تحليل السلوك التطبيقي (ABA) لتشجيع تطوير المهارات"
"ar/library/proactive-reactive-aba-strategies-guide.html","/ar/library/proactive-reactive-aba-strategies-guide","ar","blog","إتقان تقنيات التحليل السلوكي الاستباقية والتفاعلية– احجز استشارتك الآن","تعلم استراتيجيات الـ ABA الاستباقية والتفاعلية لخفض السلوكيات المشكلية وتعزيز النجاح. اقرأ الآن وحدد موعد استشارة مع معهد أريزونا للتوحد.","إتقان تقنيات التحليل السلوكي الاستباقية والتفاعلية– احجز استشارتك الآن"
"ar/library.html","/ar/library","ar","page","المكتبة وغرفة الأخبار | معهد أريزونا للتوحد","مقالات إخبارية حول علاج تحليل السلوك التطبيقي والتعليم الخاص، ودراسات حالة، ووصفات، ومقالات افتتاحية، ودروس تعليمية، وغيرها الكثير... لطلابنا المصابين بالتوحد وحولهم.","مكتبة معهد أريزونا للتوحد"
"autism-evaluations.html","/autism-evaluations","en","page","Accurate Autism Assessment for Children | Arizona Institute for Autism","Get comprehensive childhood autism evaluations in Scottsdale, AZ. Our expert team provides accurate assessments to support your child","Psychological"
"careers.html","/careers","en","page","Join Our Team | Autism Careers in AZ | Arizona Institute for Autism","Join our caring team. Arizona Institute for Autism is hiring compassionate professionals dedicated to supporting individuals with autism. Apply online now!","Employment Opportunities"
"client-consultation?hsLang=ar.html","/client-consultation","en","page","Client Consultation Form | Arizona Institute for Autism | Scottsdale","Schedule your free consultation with a Client Advocate at Arizona Institute for Autism to find out what we can do for your child diagnosed with autism.","Schedule Your Free Consultation"
"client-forms.html","/client-forms","en","page","Essential Forms for Autism Support | Arizona Institute for Autism","Conveniently access and download autism service forms from Arizona Institute for Autism. Get started right away with our simplified intake process.","Client Forms"
"contact.html","/contact","en","page","Contact AIA | Arizona Institute for Autism | Scottsdale","Reach out to learn more about our comprehensive wellness services for children with autism, including behavioral health, education, and consultation.","Contact AIA"
"donate-autism-giveback.html","/donate-autism-giveback","en","page","Help Autism Families Thrive | Donate to Arizona Institute for Autism","Empower families of children with autism. Donate now to help expand therapy, education, research, & community support. Your contribution transforms lives.","Giveback & Donate"
"employee-portal.html","/employee-portal","en","page","AIA Employee Portal | Arizona Institute for Autism","Information, forms, and resources to help guide employees during their tenure with Arizona Institute for Autism.","Employee Portal"
"es/aba-therapy-intake-process.html","/es/aba-therapy-intake-process","es","page","Guía paso a paso para comenzar la terapia ABA | Arizona Institute for Autism","Descubra cómo comenzar la terapia ABA en el Instituto de Autismo de Arizona.  Nuestro proceso de admisión simple y de apoyo guía a su hijo hacia el crecimiento y el éxito.","Proceso de admisión de estudiantes"
"es/aba-therapy.html","/es/aba-therapy","es","page","Terapia ABA Integrada para el Autismo | Arizona Institute for Autism","Empodere a su hijo para la vida con terapia ABA integrada individualizada. ¡Reserva una consulta gratuita y únete a nuestra comunidad de apoyo para el autismo!","Conductual"
"es/autism-evaluations.html","/es/autism-evaluations","es","page","Evaluación precisa del autismo para niños | Arizona Institute for Autism","Obtenga evaluaciones integrales de autismo infantil en Scottsdale, AZ.  Nuestro equipo de expertos proporciona evaluaciones precisas para apoyar el desarrollo único de su hijo.","Psicológicos"
"es/client-consultation?hsLang=es.html","/es/client-consultation","es","page","Formulario de Consulta del Cliente | Arizona Institute for Autism | Scottsdale","Programa tu consulta gratuita con un Defensor del Cliente en el Instituto de Autismo de Arizona para descubrir qué podemos hacer por tu hijo diagnosticado con autismo.","Programa tu consulta gratuita"
"es/contact.html","/es/contact","es","page","Contactar a AIA | Arizona Institute for Autism | Scottsdale","Comuníquese con nosotros para obtener más información sobre nuestros servicios integrales de bienestar para niños con autismo, que incluyen salud conductual, educación y consulta.","Contactar a AIA"
"es/index.html","/es","es","page","Terapia ABA cerca de mí | Arizona Institute for Autism | Scottsdale","Arizona Institute for Autism: centro de servicios de salud conductual y educación ubicado en Scottsdale. Atendemos a personas con autismo y a sus familias.","Salud Mental y Educación Especial"
"es/learner-social-club.html","/es/learner-social-club","es","page","Impulsa el funcionamiento emocional y social con Learner Social Club en AIA","Póngase en contacto con AIA para obtener un pase de prueba gratuito de 1 día y ver cómo el desarrollo social y emocional de su hijo puede beneficiarse de nuestro Learner Social Club de 8 a 17 años.","Sociológico"
"es/library/aba-school-readiness-arizona.html","/es/library/aba-school-readiness-arizona","es","blog","Preparación escolar ABA en AZ | Academia Preparatoria AIA (2 a 6 años)","Programa de preparación escolar temprana que une ABA y currículo acreditado para niños de 2 a 6 años en habilidades académicas, sociales y de comunicación.","Ya se inscriben alumnos: Academia Preparatoria AIA para niños de 2 a 6 años"
"es/library/autism-evaluation-diagnosis-arizona-parent-guide.html","/es/library/autism-evaluation-diagnosis-arizona-parent-guide","es","blog","Evaluación del Autismo en Arizona: Guía Paso a Paso para Padres","Aprende los signos del autismo según la edad, quién puede diagnosticar en Arizona y los próximos pasos después del diagnóstico. Obtén apoyo de ABA. Programa una consulta gratuita.","Evaluación del Autismo en Arizona: Guía Paso a Paso para Padres"
"es/library/autism-evaluation-what-to-expect.html","/es/library/autism-evaluation-what-to-expect","es","blog","Qué esperar en la primera evaluación de autismo de su hijo","Aprenda qué sucede antes, durante y después de una evaluación de autismo en un niño.  Vea a quién conocerá, cuánto tiempo lleva y cómo los resultados guían los siguientes pasos.","Qué esperar en la primera evaluación de autismo de su hijo"
"es/library/autism-family-self-care-tips.html","/es/library/autism-family-self-care-tips","es","blog","Descubre consejos para el autocuidado de padres de niños con autismo","Toma las riendas de tu bienestar como cuidador de una persona con autismo.  Explora estrategias sencillas para reducir el estrés, mejorar la salud mental y prosperar en tu función.","Descubre consejos para el autocuidado de padres de niños con autismo"
"es/library/autism-self-advocacy-skills-aba.html","/es/library/autism-self-advocacy-skills-aba","es","blog","Desbloqueando la independencia para niños con autismo a través de la autodefensa ABA","Empodere a su hijo con terapia ABA individualizada en el Instituto de Autismo de Arizona.  ¡Reserva una consulta gratuita y comienza hoy mismo la atención personalizada para el autismo!","Guía para enseñar la autodefensa en el ABA"
"es/library/emotional-regulation-aba.html","/es/library/emotional-regulation-aba","es","blog","Por qué la regulación emocional debería ser el corazón de cada programa de ABA","Por qué la regulación emocional debe guiar la terapia ABA. Conozca pasos de corregulación, herramientas de afrontamiento y consejos para familias del Instituto de Autismo de Arizona.","Por qué la regulación emocional debería ser el corazón de cada programa de ABA"
"es/library/enhancing-generalization-skills.html","/es/library/enhancing-generalization-skills","es","blog","Mejorando la generalización para un impacto más amplio en el autismo","Mejorar la generalización en el autismo implica generalizaciones de estímulos, respuestas y situaciones, asegurando que los comportamientos aprendidos se apliquen en diversas situaciones.","Mejorando la generalización para un impacto más amplio en el autismo"
"es/library/executive-functioning-skills-autism.html","/es/library/executive-functioning-skills-autism","es","blog","Habilidades de funcionamiento ejecutivo y autismo: estrategias de éxito","Estrategias basadas en evidencia para la función ejecutiva en el autismo: apoyos visuales para la planificación, la regulación emocional, el control de impulsos y la resolución de problemas.","Habilidades de funcionamiento ejecutivo y autismo"
"es/library/first-then-cards-autism-transitions.html","/es/library/first-then-cards-autism-transitions","es","blog","Tarjetas Primero/Después : Empoderando las transiciones para niños autistas","Aprenda cómo Primero/después, las tarjetas apoyan transiciones más suaves y comportamientos positivos en niños autistas.  Descubre consejos prácticos y recursos locales de Arizona.","Tarjetas Primero/Después : Empoderando las transiciones para niños autistas"
"es/library/parents-guide-to-autism-and-aba.html","/es/library/parents-guide-to-autism-and-aba","es","blog","Cómo ayudar a su hijo autista: Una guía para padres y cuidadores","Learn practical autism and ABA-informed strategies parents and caregivers can use to support communication, routines, behavior, and regulation.","Guía de Autismo para Padres y Cuidadores"
"es/library/positive-reinforcement-techniques.html","/es/library/positive-reinforcement-techniques","es","blog","Refuerzo positivo en la terapia ABA para fomentar el desarrollo de habilidades","Aprenda técnicas efectivas de refuerzo positivo para fomentar el comportamiento deseado en los niños. Descubre consejos, herramientas visuales y mejores prácticas para padres.","Refuerzo positivo en la terapia ABA para fomentar el desarrollo de habilidades"
"es/library/social-pragmatic-communication-autism.html","/es/library/social-pragmatic-communication-autism","es","blog","Por qué mi hijo puede hablar pero aún tiene dificultades sociales","Tu hijo puede hablar, pero tiene dificultades sociales.  Vea cómo el lenguaje pragmático, la inferencia y las señales no verbales moldean la conexión, y cómo el ABA desarrolla habilidades.","Por qué mi hijo puede hablar pero aún tiene dificultades sociales"
"es/library.html","/es/library","es","page","Biblioteca y Noticias | Instituto de Autismo de Arizona","Noticias sobre terapia ABA y educación especial, casos de estudio, recetas, editoriales y tutoriales para y sobre nuestros estudiantes con autismo.","La Biblioteca en AZ Institute for Autism"
"es/services.html","/es/services","es","page","Servicios pediátricos de autismo conductuales, psicológicos y sociológicos","Descubra servicios integrales para el autismo para niños, desde terapia ABA integrativa hasta apoyo educativo y familiar, en el Instituto de Autismo de Arizona.","Servicios ABA y Educativos"
"faqs.html","/faqs","en","page","Helpful Autism Diagnosis & Therapy FAQs | Arizona Institute for Autism","Discover how ABA therapy works at Arizona Institute for Autism. Explore assessments, program design, and prompt fading FAQs to empower your child today.","ABA Therapy Helpline"
"index.html","/","en","page","ABA Therapy Near Me | Arizona Institute for Autism | Scottsdale","Arizona Institute for Autism: center for behavioral health & education services located in Scottsdale. We serve individuals with Autism and their families.","Behavioral Health & Special Education"
"insurance.html","/insurance","en","page","Arizona Autism Therapy Insurance Guide | AZ Institute for Autism","Take the first step to affordable autism care for your child. Verify insurance benefits and coverage quickly and easily with Arizona Institute for Autism.","Insurance Guide"
"learner-social-club.html","/learner-social-club","en","page","Boost Emotional and Social Functioning with Learner Social Club at AIA","Contact AIA for a free 1-day trial pass to see how your child","Sociological"
"library/aac-visual-supports-autism.html","/library/aac-visual-supports-autism","en","blog","AAC and Visual Supports 101: Helping Your Child Be Heard","Learn how AAC and visual supports help autistic children communicate, reduce frustration, and build routines at home, school, and ABA therapy.","AAC and Visual Supports 101: Helping Your Child Be Heard"
"library/aba-school-readiness-arizona.html","/library/aba-school-readiness-arizona","en","blog","ABA School Readiness in Arizona | AIA Preparatory Academy (Ages 2–6)","Early school readiness program mixing ABA methods with an accredited curriculum to help children ages 2–6 with academic, social, and communication skills.","Now Enrolling: AIA Preparatory Academy for Children Ages 2–6"
"library/aba-school-readiness-guide.html","/library/aba-school-readiness-guide","en","blog","Ease Back-to-School Time | ABA Antecedent & Consequence Interventions","Ease back-to-school stress and unlock school readiness with simple antecedent and consequence strategies and step‑by‑step ABA tactics any parent can apply.","Ease Back-to-School Time | ABA Antecedent & Consequence Interventions"
"library/aba-therapy-benefits?hsLang=en-us.html","/library/aba-therapy-benefits","en","blog","The Benefits of ABA Therapy for Children with Autism","Discover how ABA therapy, tailored to each child","The Benefits of ABA Therapy for Children with Autism"
"library/aba-therapy-dtt-net-guide?hsLang=en-us.html","/library/aba-therapy-dtt-net-guide","en","blog","Learn About DTT and NET Methods for More Effective ABA Therapy","Learn how Discrete Trial Training (DTT) and Natural Environment Training (NET) help to create comprehensive ABA therapy plans tailored to individual needs.","Learn About DTT and NET Methods for More Effective ABA Therapy"
"library/aba-therapy-prompting-parenting-benefits?hsLang=en-us.html","/library/aba-therapy-prompting-parenting-benefits","en","blog","Benefits of Prompting & Parenting in ABA Therapy","Empower yourself as a parent and enhance your child’s ABA therapy journey. Learn to implement prompting strategies for better results and faster progress.","Benefits of Prompting & Parenting in ABA Therapy"
"library/aba-therapy-summer-routine-tips.html","/library/aba-therapy-summer-routine-tips","en","blog","How to Support ABA Therapy Over Summer Break","Help your child thrive this summer with structured ABA routines, reinforcement tips, and support from the Arizona Institute for Autism.","How to Support ABA Therapy Over Summer Break"
"library/aba-toilet-training-child-autism.html","/library/aba-toilet-training-child-autism","en","blog","Guide: Simple ABA Techniques for Toilet Training Children with Autism","Empower your autistic child to achieve confidence and independence in their daily routines by using these simple ABA-based potty training methods.","Guide: Simple ABA Techniques for Toilet Training Children with Autism"
"library/aia-world-autism-community-day-celebration.html","/library/aia-world-autism-community-day-celebration","en","blog","AIA’s World Autism Community Day of Celebration","Join AIA on April 1st at Scottsdale Ranch Park to celebrate World Autism Month and support neurodiversity. Learn about the event and how to participate.","AIA’s World Autism Community Day of Celebration"
"library/asd-sensory-friendly-recipe-thanksgiving-pumpkin-cake.html","/library/asd-sensory-friendly-recipe-thanksgiving-pumpkin-cake","en","blog","ASD Sensory-Friendly Thanksgiving Recipe: Pumpkin Dump Cake","Our Thanksgiving recipe is crafted for sensory sensitivities, ensuring a delightful meal for individuals with ASD. Celebrate inclusively and deliciously.","ASD Sensory-Friendly Thanksgiving Recipe: Pumpkin Dump Cake"
"library/asd-sensory-friendly-recipes-pancakes.html","/library/asd-sensory-friendly-recipes-pancakes","en","blog","ASD Sensory-Friendly Recipes: Pancakes","Discover sensory-friendly pancake recipes tailored for children with autism, including chocolate chip and blueberry variations, to make mealtime enjoyable.","ASD Sensory-Friendly Recipes: Pancakes"
"library/autism-evaluation-diagnosis-arizona-parent-guide.html","/library/autism-evaluation-diagnosis-arizona-parent-guide","en","blog","Autism Evaluation in Arizona: A Parent's Step-by-Step Guide","Learn autism signs by age, who can diagnose in Arizona, and next steps after diagnosis. Get ABA, speech, and OT support. Schedule a free consultation.","Autism Evaluation in Arizona: A Parent's Step-by-Step Guide"
"library/autism-evaluation-what-to-expect.html","/library/autism-evaluation-what-to-expect","en","blog","What to Expect at Your Child’s First Autism Evaluation","Learn what happens before, during, and after a child’s autism evaluation. See who you’ll meet, how long it takes, and how results guide next steps.","What to Expect at Your Child’s First Autism Evaluation"
"library/autism-fall-break-routine-tips-halloween-thanksgiving.html","/library/autism-fall-break-routine-tips-halloween-thanksgiving","en","blog","Autism and Fall Break: Routines, Halloween, and Thanksgiving Tips","Help your child with autism enjoy fall break. Use visual schedules, First/Then cards, and sensory supports for Halloween and Thanksgiving without stress.","Autism and Fall Break: How to Keep Routines Calm and Predictable"
"library/autism-family-self-care-tips.html","/library/autism-family-self-care-tips","en","blog","Discover Self‑Care Hacks for Parents of Children with Autism","Take charge of your wellness as an autism caregiver. Explore simple strategies to reduce stress, improve mental health, and thrive in your role.","Discover Self‑Care Hacks for Parents of Children with Autism"
"library/autism-friendships-social-play-support.html","/library/autism-friendships-social-play-support","en","blog","Supporting Friendships and Social Play for Children with Autism","Learn how to support friendships and social play for autistic children. Discover practical tips for playdates, leveraging special interests, and ABA therapy.","Supporting Friendships and Social Play for Children with Autism"
"library/autism-self-advocacy-skills-aba.html","/library/autism-self-advocacy-skills-aba","en","blog","Unlock Independence for Children with Autism Through ABA Self‑Advocacy","Empower your child with individualized ABA therapy at Arizona Institute for Autism. Book a free consultation and kickstart personalized autism care today!","Guide to Teaching Self‑Advocacy in ABA"
"library/autism-therapy-rapport-strategies?hsLang=en-us.html","/library/autism-therapy-rapport-strategies","en","blog","Learn the Secrets to Effective Rapport Building in ABA Therapy","Discover proven strategies to build rapport and support children during ABA therapy sessions for fun, effective learning with increased engagement.","Learn the Secrets to Effective Rapport Building in ABA Therapy"
"library/behavior-management-functions-guide?hsLang=en-us.html","/library/behavior-management-functions-guide","en","blog","Master Behavior Management: Discover the Four Functions of Behavior","Discover why behaviors happen and how to teach positive replacements with our simple guide. Take action now for smoother routines and happier learning!","Master Behavior Management: Discover the Four Functions of Behavior"
"library/behavior-modification-techniques-reinforcement-theory?hsLang=en-us.html","/library/behavior-modification-techniques-reinforcement-theory","en","blog","The Ultimate Guide to Behavior Modification Techniques & Reinforcement Theory","Explore reinforcement theory and its application in behavior modification techniques, focusing on strategies to encourage positive behaviors and reduce negative ones.","The Ultimate Guide to Behavior Modification Techniques & Reinforcement Theory"
"library/communication-social-skills-autistic-children-guide.html","/library/communication-social-skills-autistic-children-guide","en","blog","Building Communication & Social Skills in Autistic Children","Learn how to build communication and social skills in autistic children. Discover practical strategies, AAC tools, and ABA techniques for daily connection.","Building Communication & Social Skills in Autistic Children: A Practical Guide for Families"
"library/community-highlight-meet-rula-diab?hsLang=en-us.html","/library/community-highlight-meet-rula-diab","en","blog","Community Highlights: Meet Rula Diab of Arizona Institute for Autism","Read about Rula Diab","Community Highlights: Meet Rula Diab of Arizona Institute for Autism"
"library/critical-thinking-skills.html","/library/critical-thinking-skills","en","blog","Critical Thinking Skills for Children with Autism","Enhance critical thinking in children with autism through tailored strategies that promote problem-solving, perspective-taking, and adaptability.","Critical Thinking Skills for Children with Autism"
"library/early-signs-autism-by-age.html","/library/early-signs-autism-by-age","en","blog","Early Signs of Autism by Age: 12 Months to 4 Years","Learn early autism signs by age (12–24 months and 2–4 years), what patterns matter most, and how screening and evaluations can help.","Early Signs of Autism by Age: 12 Months to 4 Years"
"library/emotional-regulation-aba.html","/library/emotional-regulation-aba","en","blog","Why Emotional Regulation Should Be the Heart of Every ABA Program","Why emotional regulation should lead ABA therapy. Learn co-regulation steps, coping tools, and family tips from the Arizona Institute for Autism.","Why Emotional Regulation Should Be the Heart of Every ABA Program"
"library/enhancing-generalization-skills?hsLang=en-us.html","/library/enhancing-generalization-skills","en","blog","Enhancing Generalization for Broader Impact in Autism","Enhancing generalization in autism involves stimulus, response, and situation generalizations, ensuring learned behaviors apply across various situations.","Enhancing Generalization for Broader Impact in Autism"
"library/executive-functioning-skills-autism.html","/library/executive-functioning-skills-autism","en","blog","Executive Functioning Skills & Autism: Success Strategies Across Ages","Evidence-based executive functioning strategies for autism: visual supports for planning, emotion regulation, impulse control & problem solving.","Executive Functioning Skills and Autism"
"library/first-then-cards-autism-transitions.html","/library/first-then-cards-autism-transitions","en","blog","First/Then Cards: Empowering Transitions for Autistic Children","Learn how First/Then cards support smoother transitions and positive behaviors in autistic children. Discover practical tips and local Arizona resources.","First/Then Cards: Empowering Transitions for Autistic Children"
"library/heart-full-of-gratitude.html","/library/heart-full-of-gratitude","en","blog","Heart Full of Gratitude","Clinic Director Rula Diab reflects back on her journey so far with Arizona Institute for Autism and all of the awesome people that make it great.","Heart Full of Gratitude"
"library/individualized-aba-therapy.html","/library/individualized-aba-therapy","en","blog","Personalized ABA Therapy Plans | Schedule Your Free Consultation","Empower your child with individualized ABA therapy at Arizona Institute for Autism. Book a free consultation and kickstart personalized autism care today!","Individualized Care Plans in ABA Therapy"
"library/integrated-aba-model-announcement?hsLang=en-us.html","/library/integrated-aba-model-announcement","en","blog","Arizona Institute for Autism Adopts an Integrated ABA Model","Arizona Institute for Autism has transitioned to an integrated Applied Behavior Analysis model, enhancing comprehensive care for children with autism.","Arizona Institute for Autism Adopts an Integrated ABA Model"
"library/managing-aggressive-behavior-outbursts.html","/library/managing-aggressive-behavior-outbursts","en","blog","Managing Aggressive Behavior Outbursts and Proper Communication with Your Child During those Moments","Learn strategies to manage aggressive behaviors in children with autism by promoting functional communication and providing positive reinforcement.","Managing Aggressive Behavior Outbursts and Proper Communication with Your Child During those Moments"
"library/meet-rula-diab-bcba?hsLang=en-us.html","/library/meet-rula-diab-bcba","en","blog","Meet Rula Diab | Board Certified Behavior Analyst (BCBA)","Find out how Rula Diab, a compassionate, certified behavior analyst, makes a difference in Arizona. Read to empower your path for positive outcomes now!","Meet Rula Diab | Board Certified Behavior Analyst (BCBA)"
"library/new-aia-scottsdale-office?hsLang=en-us.html","/library/new-aia-scottsdale-office","en","blog","Integrity, Empowerment and Excellence: Arizona Institute for Autism expands to new office","Discover how Arizona Institute for Autism","Integrity, Empowerment and Excellence: Arizona Institute for Autism expands to new office"
"library/new-year-2024-autism-holiday-tips?hsLang=en-us.html","/library/new-year-2024-autism-holiday-tips","en","blog","New Year 2024: Holiday Tips for Autism Support & Awareness","Learn simple, effective strategies to help your autistic child thrive in 2024. Reflect on their progress and set new goals for growth in the New Year.","New Year 2024: Holiday Tips for Autism Support & Awareness"
"library/new-year-goals-2023.html","/library/new-year-goals-2023","en","blog","New Year Goals for Our Children with Autism","The New Year offers an opportunity to reflect, plan, and set goals for children with autism, promoting healthy growth and development to last a lifetime.","New Year Goals for Our Children with Autism"
"library/november-2022-aia-update.html","/library/november-2022-aia-update","en","blog","November AIA Update","Nov 2022: Arizona Institute for Autism expresses gratitude to families for their support and commitment, highlighting the community","November AIA Update"
"library/parents-guide-to-autism-and-aba.html","/library/parents-guide-to-autism-and-aba","en","blog","How to Help Your Autistic Child: A Parent & Caregiver Guide","Learn practical autism and ABA-informed strategies parents and caregivers can use to support communication, routines, behavior, and regulation.","Autism Guide for Parents and Caregivers"
"library/play-leisure-skills?hsLang=en-us.html","/library/play-leisure-skills","en","blog","Autism Play: Helping Autistic Children Build Play and Leisure Skills","Learn how autistic children play, why play skills matter, and how parents can support functional, sensory, pretend, and social play.","Autism Play: Helping Autistic Children Build Play and Leisure Skills"
"library/positive-reinforcement-techniques.html","/library/positive-reinforcement-techniques","en","blog","Positive Reinforcement in ABA Therapy to Encourage Skill Development","Learn effective positive reinforcement techniques to encourage desired behavior in children. Discover tips, visual tools, & best practices for parents.","Positive Reinforcement in ABA Therapy to Encourage Skill Development"
"library/proactive-reactive-aba-strategies-guide.html","/library/proactive-reactive-aba-strategies-guide","en","blog","Master Proactive & Reactive ABA Techniques – Schedule a Consultation","Learn proactive and reactive ABA strategies to cut problem behaviors and boost success. Read now and schedule a consult with Arizona Institute for Autism.","Master Proactive & Reactive ABA Techniques – Schedule a Consultation"
"library/reduce-behavior-management.html","/library/reduce-behavior-management","en","blog","4 Ways on How to Reduce Behavior Management","Children may show challenging behavior patterns due to frustration or sensory overload. Strategic support of communications skills can help prevent issues.","4 Ways on How to Reduce Behavior Management"
"library/repetitive-behavior?hsLang=en-us.html","/library/repetitive-behavior","en","blog","Repetitive Behaviors with Children Diagnosed with Autism","Understanding and managing repetitive behaviors in children with autism spectrum disorder (ASD), including causes, types, and intervention strategies.","Repetitive Behaviors with Children Diagnosed with Autism"
"library/sensory-processing?hsLang=en-us.html","/library/sensory-processing","en","blog","Understanding Sensory Processing in the Context of ABA Therapy","Learn to address sensory challenges for children diagnosed with autism through customized ABA therapy. Expert tips for parents and caregivers inside.","Understanding Sensory Processing in the Context of ABA Therapy"
"library/social-pragmatic-communication-autism.html","/library/social-pragmatic-communication-autism","en","blog","Why My Child Can Talk but Still Struggles Socially","Your child can talk yet struggles socially. See how pragmatic language, inference, and nonverbal cues shape connection, and how ABA builds skills.","Why My Child Can Talk but Still Struggles Socially"
"library/understanding-autism-support.html","/library/understanding-autism-support","en","blog","Navigating the Autism Journey: Understanding and Supporting Our Children with Autism","Explore effective strategies and therapies to lift up and support children with autism, fostering their development while enhancing their quality of life.","Navigating the Autism Journey: Understanding and Supporting Our Children with Autism"
"library.html","/library","en","page","Library & News Room | Arizona Institute for Autism","ABA therapy and special education news articles, case studies, recipes, editorials, tutorials, and more… for and about our learners with autism.","The Library at AZ Institute for Autism"
"privacy-policy?hsLang=ar.html","/privacy-policy","en","page","Privacy Policy | Arizona Institute for Autism","Discover how the Arizona Institute for Autism protects your data. Our Privacy Policy details collection, usage, and security to keep your information safe.","Privacy Policy"
"referrals.html","/referrals","en","page","Submit Your Autism Referral Online | Arizona Institute for Autism","Arizona Institute for Autism simplifies autism referrals. Submit online now to connect families with the compassionate autism care specialists of AIA.","Physician & Insurer Referrals"
"schedule-consultation?hsLang=en-us.html","/schedule-consultation","en","page","Contact Arizona Institute for Autism for Your Free ASD Consultation","Reach out to discuss autism treatment for your child with AZ Institute for Autism. Early intervention makes a difference; schedule your consultation today!","Reach Out for Your Free Consultation"
"services.html","/services","en","page","Behavioral, Psychological, and Sociological Pediatric Autism Services","Discover comprehensive autism services for children, from integrative ABA therapy to educational and family support, at the Arizona Institute for Autism.","ABA & Educational Services"
"team.html","/team","en","page","Meet Our Dedicated Autism Support Team | Arizona Institute for Autism","Meet the all-star team of compassionate, experienced professionals transforming personalized autism therapy and education at Arizona Institute for Autism.","Meet the Team"
"tour?hsLang=ar.html","/tour","en","page","Tour Arizona's Premier Autism Therapy Center | Schedule Your AIA Visit","Schedule your tour today and discover why Arizona Institute for Autism is the trusted choice for compassionate autism therapy and supportive care.","Schedule a Guided Tour"
